INSERT INTO users2 (username, password, email, name, bio, job, address, is_admin, is_blocked)
VALUES
  ('admin@example.com', '$2y$10$MBqElw8XUaAhaTmBSOm2uOUpAepgHmmxN089heGZ/oFwdg.CUNyTC', 'admin@example.com', 'admin', 'Lorem ipsum dolor sit amet, consectetur adipiscing elit. Cras porta semper velit, quis fringilla diam bibendum vitae. Nam ut nisl vel justo convallis euismod ac viverra tortor. Sed finibus luctus purus, eu sodales ex posuere viverra. Etiam tristique erat mi, a varius ante consequat ut. Praesent aliquam lectus non nunc finibus blandit. Aenean dignissim gravida semper. Sed nibh libero, dignissim sed felis at, tincidunt sodales ante. Fusce porta tristique pulvinar. Aliquam turpis purus, sodales vel malesuada non, dignissim id leo. Morbi non volutpat lectus. Nulla blandit, nunc ac feugiat feugiat, velit arcu pretium augue, non efficitur sem libero in nisl. Maecenas mattis, nulla quis suscipit porttitor, lacus dui convallis orci, elementum porttitor diam justo nec ipsum. Phasellus id tincidunt nisi. Nunc a ornare orci, nec convallis magna.', 'System Administrator', 'Bay Area, San Francisco, CA', true, false),
  ('john_doe', '$2y$10$z3NzJjVMhLU4qTXqWv84fecbRmijF4TktrD8rVHWWFDVqsqBky78y', 'john.doe@example.com', 'John Doe', 'Lorem ipsum dolor sit amet, consectetur adipiscing elit. Praesent maximus, ligula et gravida vehicula, odio augue pulvinar metus, a vulputate est sem consequat felis. Phasellus odio leo, efficitur euismod iaculis sit amet, elementum non lacus. Vivamus dui purus, maximus sit amet laoreet at, dictum hendrerit sapien. Aenean quis bibendum purus. Mauris tempor convallis mauris. Vestibulum rutrum, magna vel tincidunt sollicitudin, nibh erat placerat elit, eget tincidunt ipsum quam eu leo. Cras pharetra quam sed lorem blandit hendrerit. Phasellus non sapien tellus. Quisque sagittis est neque, quis bibendum sapien interdum nec. Nullam vulputate lectus urna, quis scelerisque lectus ullamcorper sit amet. Donec quis varius augue. Vivamus euismod eget eros vitae lobortis. Morbi nec fringilla diam. Aliquam viverra nunc sit amet nunc volutpat congue.', 'A software developer', 'Bay Area, San Francisco, CA', false, false),
  ('alice_smith', '$2y$10$iav7cVmZ6aQIuS0hWKpk4eu544zhZf7PxIY.XcAZ62cSxqE0/grGy', 'alice.smith@example.com', 'Alice Smith', 'Lorem ipsum dolor sit amet, consectetur adipiscing elit. Praesent a leo in felis tristique rutrum. Cras volutpat ultricies malesuada. Nulla blandit vehicula ex, ac sodales lacus malesuada sed. Vestibulum congue massa sed bibendum semper. Vestibulum eget risus quis quam vestibulum vestibulum sed consectetur justo. Donec ornare nisl id purus fermentum, non tempor elit tempus. Duis a cursus nibh. Donec vitae est vel quam mattis pellentesque id sed nibh. Suspendisse dapibus tempus turpis, sed mollis nibh luctus nec. Sed eleifend augue sapien, in tristique nunc sodales in. In fermentum consectetur tempus. Proin dapibus lectus nisi. Pellentesque blandit fermentum lobortis. Etiam et massa velit. Pellentesque sed sapien tortor. Maecenas pharetra placerat fringilla.', 'A graphic designer', 'Bay Area, San Francisco, CA', false, false),
  ('bob_jones', '$2y$10$8ozjjFaEsaMglJr4ulkG..69YZIyG4kBNmR201UOhDDB6NtTHoFsu', 'bob.jones@example.com', 'Bob Jones', '', 'An accountant', 'Bay Area, San Francisco, CA', false, false),
  ('emma_white', '$2y$10$SwarjJndc4CCPxY9CTinmOkFPNhpjhoo.xutSmqNgTrccR34rsBFO', 'emma.white@example.com', 'Emma White', '', 'A marketing specialist', 'Bay Area, San Francisco, CA', false, false),
  ('mike_miller', '$2y$10$.FNoBB2u.yPt6qUs.YssY.Cw7yxLrPq0oMIFMS9wBlwY9nT/R39ae', 'mike.miller@example.com', 'Mike Miller', '', 'A project manager', 'Bay Area, San Francisco, CA', false, false),
  ('sara_jackson', '$2y$10$pWKs94s2AtndhV0hz6W96.XE6faSkCGaE8b29Lepy7RQJGTDC6EUe', 'sara.jackson@example.com', 'Sara Jackson', '', 'A data scientist', 'Bay Area, San Francisco, CA', false, false),
  ('peter_adams', 'peterpass', 'peter.adams@example.com', 'Peter Adams', '', 'A UX designer', 'Bay Area, San Francisco, CA', false, false),
  ('lisa_carter', 'lisapass', 'lisa.carter@example.com', 'Lisa Carter', '', 'A social media manager', 'Bay Area, San Francisco, CA', false, false),
  ('kevin_brown', 'kevinpass', 'kevin.brown@example.com', 'Kevin Brown', '', 'A financial analyst', 'Bay Area, San Francisco, CA', false, false),
  ('natalie_green', 'nataliepass', 'natalie.green@example.com', 'Natalie Green', '', 'An HR specialist', 'Bay Area, San Francisco, CA', false, false),
  ('steven_hill', 'stevenpass', 'steven.hill@example.com', 'Steven Hill', '', 'A content writer', 'Bay Area, San Francisco, CA', false, false),
  ('julia_wilson', 'juliapass', 'julia.wilson@example.com', 'Julia Wilson', '', 'A software engineer', 'Bay Area, San Francisco, CA', false, false),
  ('ryan_smith', '$2y$10$pWKs94s2AtndhV0hz6W96.XE6faSkCGaE8b29Lepy7RQJGTDC6EUe', 'ryan.smith@example.com', 'Ryan Smith', '', 'A product manager', 'Bay Area, San Francisco, CA', false, false),
  ('amanda_clark', '$2y$10$I8awmYTIv8kUl9c5Y3y04.zvKTkcWWJh68rwHXHxZoTzVU9WwJoPa', 'amanda.clark@example.com', 'Amanda Clark', '', 'An event planner', 'Bay Area, San Francisco, CA', false, false),
  ('daniel_roberts', '$2y$10$zJGXMxkRTUtqJ/IxlXhbIOhWAGxkfQJ7GxxNjHPN0PM43ypkKa4eK', 'daniel.roberts@example.com', 'Daniel Roberts', '', 'A business analyst', 'Bay Area, San Francisco, CA', false, false),
  ('olivia_davis', 'oliviapass', 'olivia.davis@example.com', 'Olivia Davis', '', 'A UI designer', 'Bay Area, San Francisco, CA', false, false),
  ('matthew_hall', 'matthewpass', 'matthew.hall@example.com', 'Matthew Hall', '', 'A sales representative', 'Bay Area, San Francisco, CA', false, false),
  ('emily_jones', 'emilypass', 'emily.jones@example.com', 'Emily Jones', '', 'A project coordinator', 'Bay Area, San Francisco, CA', false, false),
  ('jason_martin', 'jasonpass', 'jason.martin@example.com', 'Jason Martin', '', 'A software architect', 'Bay Area, San Francisco, CA', false, false),
  ('linda_morris', 'lindapass', 'linda.morris@example.com', 'Linda Morris', '', 'An office manager', 'Bay Area, San Francisco, CA', false, false),
  ('brian_wilson', 'brianpass', 'brian.wilson@example.com', 'Brian Wilson', '', 'A network engineer', 'Bay Area, San Francisco, CA', false, false),
  ('natalie_cruz', 'nataliepass', 'natalie.cruz@example.com', 'Natalie Cruz', '', 'A communications specialist', 'Bay Area, San Francisco, CA', false, false),
  ('robert_garcia', 'robertpass', 'robert.garcia@example.com', 'Robert Garcia', '', 'A software tester', 'Bay Area, San Francisco, CA', false, false),
  ('michelle_lee', 'michellepass', 'michelle.lee@example.com', 'Michelle Lee', '', 'A systems analyst', 'Bay Area, San Francisco, CA', false, false),
  ('brandon_king', 'brandonpass', 'brandon.king@example.com', 'Brandon King', '', 'A web developer', 'Bay Area, San Francisco, CA', false, false),
  ('susan_miller', 'susanpass', 'susan.miller@example.com', 'Susan Miller', '', 'An executive assistant', 'Bay Area, San Francisco, CA', false, false),
  ('jacob_richardson', 'jacobpass', 'jacob.richardson@example.com', 'Jacob Richardson', '', 'A database administrator', 'Bay Area, San Francisco, CA', false, false),
  ('emma_scott', 'emmapass', 'emma.scott@example.com', 'Emma Scott', '', 'A customer support representative', 'Bay Area, San Francisco, CA', false, false),
  ('alexander_hill', 'alexpass', 'alexander.hill@example.com', 'Alexander Hill', '', 'A mobile app developer', 'Bay Area, San Francisco, CA', false, false),
  ('sophia_wright', 'sophiapass', 'sophia.wright@example.com', 'Sophia Wright', '', 'An IT consultant', 'Bay Area, San Francisco, CA', false, false),
  ('david_hernandez', 'davidpass', 'david.hernandez@example.com', 'David Hernandez', '', 'A front-end developer', 'Bay Area, San Francisco, CA', false, false),
  ('amy_martin', 'amypass', 'amy.martin@example.com', 'Amy Martin', '', 'A user experience specialist', 'Bay Area, San Francisco, CA', false, false),
  ('bryan_anderson', 'bryanpass', 'bryan.anderson@example.com', 'Bryan Anderson', '', 'A software architect', 'Bay Area, San Francisco, CA', false, false),
  ('christina_smith', 'christinapass', 'christina.smith@example.com', 'Christina Smith', '', 'A marketing coordinator', 'Bay Area, San Francisco, CA', false, false),
  ('eric_collins', 'ericpass', 'eric.collins@example.com', 'Eric Collins', '', 'A project manager', 'Bay Area, San Francisco, CA', false, false),
  ('laura_ward', 'laurapass', 'laura.ward@example.com', 'Laura Ward', '', 'An art director', 'Bay Area, San Francisco, CA', false, false),
  ('timothy_davis', 'timothypass', 'timothy.davis@example.com', 'Timothy Davis', '', 'A technical writer', 'Bay Area, San Francisco, CA', false, false),
  ('melissa_ross', 'melissapass', 'melissa.ross@example.com', 'Melissa Ross', '', 'An HR manager', 'Bay Area, San Francisco, CA', false, false),
  ('nathan_wood', 'nathanpass', 'nathan.wood@example.com', 'Nathan Wood', '', 'A systems administrator', 'Bay Area, San Francisco, CA', false, false),
  ('sophie_harris', 'sophiepass', 'sophie.harris@example.com', 'Sophie Harris', '', 'A content strategist', 'Bay Area, San Francisco, CA', false, false),
  ('jeremy_thompson', 'jeremypass', 'jeremy.thompson@example.com', 'Jeremy Thompson', '', 'A software engineer', 'Bay Area, San Francisco, CA', false, false),
  ('natalie_brown', 'nataliepass', 'natalie.brown@example.com', 'Natalie Brown', '', 'A social media specialist', 'Bay Area, San Francisco, CA', false, false),
  ('michael_green', 'michaelpass', 'michael.green@example.com', 'Michael Green', '', 'A UI/UX designer', 'Bay Area, San Francisco, CA', false, false),
  ('rebecca_ward', 'rebeccapass', 'rebecca.ward@example.com', 'Rebecca Ward', '', 'A software developer', 'Bay Area, San Francisco, CA', false, false);

INSERT INTO project1 (id_creator, name, description, is_public, date_created)
VALUES
  (1, 'Website Overhaul', 'Complete redesign and update of our main website, focusing on user experience and responsive design.', true, '2023-01-15'),
  (2, 'App Development Phase 1', 'Initial development phase for our new mobile application, including core feature implementation.', true, '2023-02-20'),
  (3, 'Marketing Campaign Q1', 'Development and execution of the marketing campaign for the first quarter, targeting new customer segments.', true, '2023-03-10'),
  (4, 'Data Migration Project', 'Secure and efficient migration of customer data to the new cloud-based storage platform.', true, '2023-04-05'),
  (5, 'Customer Feedback Analysis', 'Gathering and analyzing customer feedback to improve our product and service offerings.', true, '2023-05-18'),
  (6, 'Security Upgrade Initiative', 'Upgrading our security protocols and systems to enhance data protection and privacy.', true, '2023-06-23'),
  (7, 'Employee Training Program', 'Developing a comprehensive training program for new and existing employees on our latest software tools.', true, '2023-07-30'),
  (8, 'Supply Chain Optimization', 'Analyzing and optimizing our supply chain to reduce costs and improve efficiency.', true, '2023-08-12'),
  (9, 'Product R&D Expansion', 'Expanding our research and development efforts to explore new product lines.', true, '2023-09-05'),
  (10, 'Customer Support System Overhaul', 'Revamping our customer support system to provide faster and more efficient service.', true, '2023-10-02');

INSERT INTO member (id_user, id_project, role)
VALUES
  (1, 2, 'project_member'),
  (1, 3, 'project_member'),
  (1, 4, 'project_member'),
  (11, 1, 'project_member'),
  (12, 1, 'project_member'),
  (13, 1, 'project_member'),
  (14, 2, 'project_member'),
  (15, 2, 'project_member'),
  (16, 2, 'project_member'),
  (17, 3, 'project_member'),
  (18, 3, 'project_member'),
  (19, 3, 'project_member'),
  (20, 4, 'project_member'),
  (21, 4, 'project_member'),
  (22, 4, 'project_member'),
  (23, 5, 'project_member'),
  (24, 5, 'project_member'),
  (25, 5, 'project_member'),
  (26, 6, 'project_member'),
  (27, 7, 'project_member'),
  (28, 8, 'project_member'),
  (29, 9, 'project_member'),
  (30, 10, 'project_member');

INSERT INTO task (id_creator, id_project, name, label, completion, date_created, due_date, priority)
VALUES
  (1, 1, 'Design New Homepage', 'Create a modern, user-friendly homepage design.', 'pending', '2023-01-15', '2023-02-01', 'high'),
  (1, 1, 'Update Content Strategy', 'Revise the content strategy to align with the new website design.', 'pending', '2023-01-18', '2023-02-10', 'medium'),
  (1, 1, 'Optimize for SEO', 'Implement SEO best practices in all new web pages.', 'in_progress', '2023-01-20', '2023-02-15', 'medium'),
  (1, 1, 'Finalize Website Layout', 'Complete the final layout design for the new website.', 'completed', '2023-01-22', '2023-02-05', 'high'),
  (1, 1, 'Implement Feedback Changes', 'Incorporate feedback from the initial design review into the website.', 'completed', '2023-01-25', '2023-02-10', 'medium'),
  (2, 2, 'Develop Login Feature', 'Implement a secure and easy-to-use login feature.', 'pending', '2023-02-20', '2023-03-15', 'high'),
  (2, 2, 'UI/UX Design for App', 'Design the user interface and experience for the app.', 'in_progress', '2023-02-22', '2023-04-01', 'high'),
  (2, 2, 'Set Up Database', 'Establish the database for app data storage.', 'pending', '2023-02-25', '2023-03-30', 'medium'),
  (3, 3, 'Market Analysis', 'Conduct a thorough market analysis for targeted advertising.', 'in_progress', '2023-03-10', '2023-04-10', 'low'),
  (3, 3, 'Develop Campaign Material', 'Create engaging material for the marketing campaign.', 'pending', '2023-03-12', '2023-04-15', 'medium'),
  (3, 3, 'Social Media Strategy', 'Outline a strategy for social media marketing.', 'pending', '2023-03-15', '2023-04-20', 'medium'),
  (4, 4, 'Data Backup Plan', 'Develop a comprehensive data backup plan before migration.', 'in_progress', '2023-04-05', '2023-05-05', 'high'),
  (4, 4, 'Select Cloud Provider', 'Choose a cloud provider for the new data storage.', 'pending', '2023-04-10', '2023-05-10', 'high'),
  (4, 4, 'Test Data Transfer', 'Perform test transfers to ensure data integrity.', 'pending', '2023-04-15', '2023-05-20', 'medium'),
  (5, 5, 'Feedback Collection', 'Set up online surveys and feedback forms for customer input.', 'completed', '2023-05-18', '2023-06-18', 'medium'),
  (5, 5, 'Analyze Survey Results', 'Analyze the results from the collected surveys to identify key trends.', 'in_progress', '2023-05-20', '2023-07-10', 'high'),
  (5, 5, 'Report Generation', 'Generate a detailed report on customer feedback and suggestions.', 'pending', '2023-05-25', '2023-07-20', 'medium'),
  (6, 6, 'Security Audit', 'Conduct a comprehensive audit of current security protocols.', 'pending', '2023-06-23', '2023-07-15', 'high'),
  (6, 6, 'Upgrade Encryption', 'Implement upgraded encryption methods for sensitive data.', 'pending', '2023-06-28', '2023-08-05', 'high'),
  (6, 6, 'Employee Cybersecurity Training', 'Organize training sessions for employees on new security protocols.', 'pending', '2023-07-05', '2023-08-20', 'medium'),
  (7, 7, 'Curriculum Development', 'Develop a comprehensive training curriculum for new software tools.', 'pending', '2023-07-30', '2023-08-30', 'high'),
  (7, 7, 'Hire Trainers', 'Hire experienced trainers to conduct the training sessions.', 'pending', '2023-08-05', '2023-09-05', 'medium'),
  (7, 7, 'Schedule Training Sessions', 'Organize and schedule the training sessions for all employees.', 'pending', '2023-08-10', '2023-09-15', 'low'),
  (8, 8, 'Supply Chain Analysis', 'Analyze the current supply chain for inefficiencies.', 'pending', '2023-08-12', '2023-09-10', 'medium'),
  (8, 8, 'Vendor Evaluation', 'Assess and renegotiate contracts with key vendors.', 'pending', '2023-08-18', '2023-10-01', 'low'),
  (8, 8, 'Implement Tracking System', 'Implement a new tracking system for better supply chain visibility.', 'pending', '2023-08-25', '2023-10-15', 'medium'),
  (9, 9, 'Market Research for New Product', 'Conduct market research for potential new product lines.', 'pending', '2023-09-05', '2023-10-05', 'high'),
  (9, 9, 'Prototype Development', 'Develop prototypes for the most promising product ideas.', 'pending', '2023-09-10', '2023-11-10', 'medium'),
  (9, 9, 'R&D Team Expansion', 'Expand the R&D team by hiring specialized experts.', 'pending', '2023-09-15', '2023-11-15', 'low'),
  (10, 10, 'Assess Current Support System', 'Evaluate the existing customer support system for shortcomings.', 'pending', '2023-10-02', '2023-11-01', 'medium'),
  (10, 10, 'Develop New Support Platform', 'Develop a new, more efficient customer support platform.', 'pending', '2023-10-07', '2023-12-07', 'high'),
  (10, 10, 'Train Staff on New System', 'Train customer support staff on the new system.', 'pending', '2023-10-15', '2023-12-15', 'medium');

INSERT INTO comment (id_user, id_task, content, date)
VALUES
  (1, 1, 'The new homepage design looks great! Can we ensure the call-to-action button is more prominent?', '2023-01-20'),
  (12, 4, 'Completed the initial setup for the login feature. Awaiting feedback on the security protocols.', '2023-04-08'),
  (15, 7, 'Market analysis report is ready. Identified some key trends that we can leverage for our campaign.', '2023-07-15'),
  (3, 10, 'Data migration to the cloud completed successfully. No data integrity issues encountered.', '2023-10-25'),
  (20, 13, 'Survey responses have been compiled. There are some insightful customer suggestions.', '2023-02-14'),
  (5, 16, 'Security audit completed. We need to update several protocols to enhance data protection.', '2023-05-02'),
  (6, 19, 'Training curriculum draft is ready for review. Focused on practical applications of the new software.', '2023-08-18'),
  (7, 22, 'Supply chain analysis indicates potential savings with a few adjustments in the vendor selection.', '2023-11-05'),
  (8, 25, 'The prototype for the new product line is ready. Awaiting approval to begin user testing.', '2024-02-22'),
  (9, 28, 'The new customer support platform is operational and staff training is complete. Early feedback is positive.', '2024-05-10');


INSERT INTO admin_action (id_admin, id_user, is_blocking, justification)
VALUES
  (31, 34, true, 'User 34 violated community guidelines.'),
  (32, 35, false, 'User 35 had a temporary suspension lifted.'),
  (33, 36, true, 'User 36 engaged in inappropriate behavior.');

INSERT INTO responsible (id_user, id_task)
VALUES
  (1, 1),
  (11, 2),
  (12, 3),
  (13, 4),
  (12, 5),
  (15, 6),
  (2, 7),
  (14, 8),
  (18, 9),
  (3, 10),
  (18, 11),
  (21, 12),
  (22, 13),
  (4, 14),
  (25, 15),
  (5, 16),
  (24, 17),
  (26, 18),
  (26, 19),
  (26, 20);

INSERT INTO invited (id_user, id_project)
VALUES
  (11, 1),
  (12, 1),
  (13, 1),
  (14, 2),
  (15, 2),
  (16, 2),
  (17, 3),
  (18, 3),
  (19, 3),
  (20, 4),
  (21, 4),
  (22, 4),
  (23, 5),
  (24, 5),
  (25, 5),
  (26, 6),
  (27, 7),
  (28, 8),
  (29, 9),
  (2, 5),
  (2, 6),
  (2, 7),
  (2, 8),
  (2, 9),
  (2, 10);

INSERT INTO request_join (id_user, id_project)
VALUES
  (37, 1),
  (38, 2),
  (39, 3),
  (37, 4),
  (38, 5),
  (3, 2);
