INSERT INTO users2 (username, password, email, name, bio, is_admin, is_blocked)
VALUES
  ('admin@example.com', '$2y$10$MBqElw8XUaAhaTmBSOm2uOUpAepgHmmxN089heGZ/oFwdg.CUNyTC', 'admin@example.com', 'admin', 'System Administrator', true, false),
  ('john_doe', '$2y$10$z3NzJjVMhLU4qTXqWv84fecbRmijF4TktrD8rVHWWFDVqsqBky78y', 'john.doe@example.com', 'John Doe', 'A software developer', false, false),
  ('alice_smith', 'password123', 'alice.smith@example.com', 'Alice Smith', 'A graphic designer', false, false),
  ('bob_jones', 'pass456', 'bob.jones@example.com', 'Bob Jones', 'An accountant', false, false),
  ('emma_white', 'secretword', 'emma.white@example.com', 'Emma White', 'A marketing specialist', false, false),
  ('mike_miller', 'mikempass', 'mike.miller@example.com', 'Mike Miller', 'A project manager', false, false),
  ('sara_jackson', 'sarapass', 'sara.jackson@example.com', 'Sara Jackson', 'A data scientist', false, false),
  ('peter_adams', 'peterpass', 'peter.adams@example.com', 'Peter Adams', 'A UX designer', false, false),
  ('lisa_carter', 'lisapass', 'lisa.carter@example.com', 'Lisa Carter', 'A social media manager', false, false),
  ('kevin_brown', 'kevinpass', 'kevin.brown@example.com', 'Kevin Brown', 'A financial analyst', false, false),
  ('natalie_green', 'nataliepass', 'natalie.green@example.com', 'Natalie Green', 'An HR specialist', false, false),
  ('steven_hill', 'stevenpass', 'steven.hill@example.com', 'Steven Hill', 'A content writer', false, false),
  ('julia_wilson', 'juliapass', 'julia.wilson@example.com', 'Julia Wilson', 'A software engineer', false, false),
  ('ryan_smith', 'ryanpass', 'ryan.smith@example.com', 'Ryan Smith', 'A product manager', false, false),
  ('amanda_clark', 'amandapass', 'amanda.clark@example.com', 'Amanda Clark', 'An event planner', false, false),
  ('daniel_roberts', 'danielpass', 'daniel.roberts@example.com', 'Daniel Roberts', 'A business analyst', false, false),
  ('olivia_davis', 'oliviapass', 'olivia.davis@example.com', 'Olivia Davis', 'A UI designer', false, false),
  ('matthew_hall', 'matthewpass', 'matthew.hall@example.com', 'Matthew Hall', 'A sales representative', false, false),
  ('emily_jones', 'emilypass', 'emily.jones@example.com', 'Emily Jones', 'A project coordinator', false, false),
  ('jason_martin', 'jasonpass', 'jason.martin@example.com', 'Jason Martin', 'A software architect', false, false),
  ('linda_morris', 'lindapass', 'linda.morris@example.com', 'Linda Morris', 'An office manager', false, false),
  ('brian_wilson', 'brianpass', 'brian.wilson@example.com', 'Brian Wilson', 'A network engineer', false, false),
  ('natalie_cruz', 'nataliepass', 'natalie.cruz@example.com', 'Natalie Cruz', 'A communications specialist', false, false),
  ('robert_garcia', 'robertpass', 'robert.garcia@example.com', 'Robert Garcia', 'A software tester', false, false),
  ('michelle_lee', 'michellepass', 'michelle.lee@example.com', 'Michelle Lee', 'A systems analyst', false, false),
  ('brandon_king', 'brandonpass', 'brandon.king@example.com', 'Brandon King', 'A web developer', false, false),
  ('susan_miller', 'susanpass', 'susan.miller@example.com', 'Susan Miller', 'An executive assistant', false, false),
  ('jacob_richardson', 'jacobpass', 'jacob.richardson@example.com', 'Jacob Richardson', 'A database administrator', false, false),
  ('emma_scott', 'emmapass', 'emma.scott@example.com', 'Emma Scott', 'A customer support representative', false, false),
  ('alexander_hill', 'alexpass', 'alexander.hill@example.com', 'Alexander Hill', 'A mobile app developer', false, false),
  ('sophia_wright', 'sophiapass', 'sophia.wright@example.com', 'Sophia Wright', 'An IT consultant', false, false),
  ('david_hernandez', 'davidpass', 'david.hernandez@example.com', 'David Hernandez', 'A front-end developer', false, false),
  ('amy_martin', 'amypass', 'amy.martin@example.com', 'Amy Martin', 'A user experience specialist', false, false),
  ('bryan_anderson', 'bryanpass', 'bryan.anderson@example.com', 'Bryan Anderson', 'A software architect', false, false),
  ('christina_smith', 'christinapass', 'christina.smith@example.com', 'Christina Smith', 'A marketing coordinator', false, false),
  ('eric_collins', 'ericpass', 'eric.collins@example.com', 'Eric Collins', 'A project manager', false, false),
  ('laura_ward', 'laurapass', 'laura.ward@example.com', 'Laura Ward', 'An art director', false, false),
  ('timothy_davis', 'timothypass', 'timothy.davis@example.com', 'Timothy Davis', 'A technical writer', false, false),
  ('melissa_ross', 'melissapass', 'melissa.ross@example.com', 'Melissa Ross', 'An HR manager', false, false),
  ('nathan_wood', 'nathanpass', 'nathan.wood@example.com', 'Nathan Wood', 'A systems administrator', false, false),
  ('sophie_harris', 'sophiepass', 'sophie.harris@example.com', 'Sophie Harris', 'A content strategist', false, false),
  ('jeremy_thompson', 'jeremypass', 'jeremy.thompson@example.com', 'Jeremy Thompson', 'A software engineer', false, false),
  ('natalie_brown', 'nataliepass', 'natalie.brown@example.com', 'Natalie Brown', 'A social media specialist', false, false),
  ('michael_green', 'michaelpass', 'michael.green@example.com', 'Michael Green', 'A UI/UX designer', false, false),
  ('rebecca_ward', 'rebeccapass', 'rebecca.ward@example.com', 'Rebecca Ward', 'A software developer', false, false);

INSERT INTO project1 (id_creator, name, description, is_public, date_created)
VALUES
  (1, 'Website Overhaul', 'Complete redesign and update of our main website, focusing on user experience and responsive design.', true, '2023-01-15'),
  (2, 'App Development Phase 1', 'Initial development phase for our new mobile application, including core feature implementation.', true, '2023-02-20'),
  (3, 'Marketing Campaign Q1', 'Development and execution of the marketing campaign for the first quarter, targeting new customer segments.', true, '2023-03-10'),
  (4, 'Data Migration Project', 'Secure and efficient migration of customer data to the new cloud-based storage platform.', true, '2023-04-05'),
  (5, 'Customer Feedback Analysis', 'Gathering and analyzing customer feedback to improve our product and service offerings.', true, '2023-05-18'),
  (6, 'Security Upgrade Initiative', 'Upgrading our security protocols and systems to enhance data protection and privacy.', true, '2023-06-23'),
  (7, 'Employee Training Program', 'Developing a comprehensive training program for new and existing employees on our latest software tools.', true, '2023-07-30'),
  (8, 'Supply Chain Optimization', 'Analyzing and optimizing our supply chain to reduce costs and improve efficiency.', true, '2023-08-12'),
  (9, 'Product R&D Expansion', 'Expanding our research and development efforts to explore new product lines.', true, '2023-09-05'),
  (10, 'Customer Support System Overhaul', 'Revamping our customer support system to provide faster and more efficient service.', true, '2023-10-02');

INSERT INTO member (id_user, id_project, role)
VALUES
  (1, 2, 'project_member'),
  (1, 3, 'project_member'),
  (1, 4, 'project_member'),
  (11, 1, 'project_member'),
  (12, 1, 'project_member'),
  (13, 1, 'project_member'),
  (14, 2, 'project_member'),
  (15, 2, 'project_member'),
  (16, 2, 'project_member'),
  (17, 3, 'project_member'),
  (18, 3, 'project_member'),
  (19, 3, 'project_member'),
  (20, 4, 'project_member'),
  (21, 4, 'project_member'),
  (22, 4, 'project_member'),
  (23, 5, 'project_member'),
  (24, 5, 'project_member'),
  (25, 5, 'project_member'),
  (26, 6, 'project_member'),
  (27, 7, 'project_member'),
  (28, 8, 'project_member'),
  (29, 9, 'project_member'),
  (30, 10, 'project_member');

INSERT INTO task (id_creator, id_project, name, label, completion, date_created, due_date, priority)
VALUES
  (1, 1, 'Design New Homepage', 'Create a modern, user-friendly homepage design.', 'pending', '2023-01-15', '2023-02-01', 'high'),
  (1, 1, 'Update Content Strategy', 'Revise the content strategy to align with the new website design.', 'pending', '2023-01-18', '2023-02-10', 'medium'),
  (1, 1, 'Optimize for SEO', 'Implement SEO best practices in all new web pages.', 'in_progress', '2023-01-20', '2023-02-15', 'medium'),
  (1, 1, 'Finalize Website Layout', 'Complete the final layout design for the new website.', 'completed', '2023-01-22', '2023-02-05', 'high'),
  (1, 1, 'Implement Feedback Changes', 'Incorporate feedback from the initial design review into the website.', 'completed', '2023-01-25', '2023-02-10', 'medium'),
  (2, 2, 'Develop Login Feature', 'Implement a secure and easy-to-use login feature.', 'pending', '2023-02-20', '2023-03-15', 'high'),
  (2, 2, 'UI/UX Design for App', 'Design the user interface and experience for the app.', 'in_progress', '2023-02-22', '2023-04-01', 'high'),
  (2, 2, 'Set Up Database', 'Establish the database for app data storage.', 'pending', '2023-02-25', '2023-03-30', 'medium'),
  (3, 3, 'Market Analysis', 'Conduct a thorough market analysis for targeted advertising.', 'in_progress', '2023-03-10', '2023-04-10', 'low'),
  (3, 3, 'Develop Campaign Material', 'Create engaging material for the marketing campaign.', 'pending', '2023-03-12', '2023-04-15', 'medium'),
  (3, 3, 'Social Media Strategy', 'Outline a strategy for social media marketing.', 'pending', '2023-03-15', '2023-04-20', 'medium'),
  (4, 4, 'Data Backup Plan', 'Develop a comprehensive data backup plan before migration.', 'in_progress', '2023-04-05', '2023-05-05', 'high'),
  (4, 4, 'Select Cloud Provider', 'Choose a cloud provider for the new data storage.', 'pending', '2023-04-10', '2023-05-10', 'high'),
  (4, 4, 'Test Data Transfer', 'Perform test transfers to ensure data integrity.', 'pending', '2023-04-15', '2023-05-20', 'medium'),
  (5, 5, 'Feedback Collection', 'Set up online surveys and feedback forms for customer input.', 'completed', '2023-05-18', '2023-06-18', 'medium'),
  (5, 5, 'Analyze Survey Results', 'Analyze the results from the collected surveys to identify key trends.', 'in_progress', '2023-05-20', '2023-07-10', 'high'),
  (5, 5, 'Report Generation', 'Generate a detailed report on customer feedback and suggestions.', 'pending', '2023-05-25', '2023-07-20', 'medium'),
  (6, 6, 'Security Audit', 'Conduct a comprehensive audit of current security protocols.', 'pending', '2023-06-23', '2023-07-15', 'high'),
  (6, 6, 'Upgrade Encryption', 'Implement upgraded encryption methods for sensitive data.', 'pending', '2023-06-28', '2023-08-05', 'high'),
  (6, 6, 'Employee Cybersecurity Training', 'Organize training sessions for employees on new security protocols.', 'pending', '2023-07-05', '2023-08-20', 'medium'),
  (7, 7, 'Curriculum Development', 'Develop a comprehensive training curriculum for new software tools.', 'pending', '2023-07-30', '2023-08-30', 'high'),
  (7, 7, 'Hire Trainers', 'Hire experienced trainers to conduct the training sessions.', 'pending', '2023-08-05', '2023-09-05', 'medium'),
  (7, 7, 'Schedule Training Sessions', 'Organize and schedule the training sessions for all employees.', 'pending', '2023-08-10', '2023-09-15', 'low'),
  (8, 8, 'Supply Chain Analysis', 'Analyze the current supply chain for inefficiencies.', 'pending', '2023-08-12', '2023-09-10', 'medium'),
  (8, 8, 'Vendor Evaluation', 'Assess and renegotiate contracts with key vendors.', 'pending', '2023-08-18', '2023-10-01', 'low'),
  (8, 8, 'Implement Tracking System', 'Implement a new tracking system for better supply chain visibility.', 'pending', '2023-08-25', '2023-10-15', 'medium'),
  (9, 9, 'Market Research for New Product', 'Conduct market research for potential new product lines.', 'pending', '2023-09-05', '2023-10-05', 'high'),
  (9, 9, 'Prototype Development', 'Develop prototypes for the most promising product ideas.', 'pending', '2023-09-10', '2023-11-10', 'medium'),
  (9, 9, 'R&D Team Expansion', 'Expand the R&D team by hiring specialized experts.', 'pending', '2023-09-15', '2023-11-15', 'low'),
  (10, 10, 'Assess Current Support System', 'Evaluate the existing customer support system for shortcomings.', 'pending', '2023-10-02', '2023-11-01', 'medium'),
  (10, 10, 'Develop New Support Platform', 'Develop a new, more efficient customer support platform.', 'pending', '2023-10-07', '2023-12-07', 'high'),
  (10, 10, 'Train Staff on New System', 'Train customer support staff on the new system.', 'pending', '2023-10-15', '2023-12-15', 'medium');

INSERT INTO comment (id_user, id_task, content, date)
VALUES
  (1, 1, 'The new homepage design looks great! Can we ensure the call-to-action button is more prominent?', '2023-01-20'),
  (2, 4, 'Completed the initial setup for the login feature. Awaiting feedback on the security protocols.', '2023-04-08'),
  (3, 7, 'Market analysis report is ready. Identified some key trends that we can leverage for our campaign.', '2023-07-15'),
  (4, 10, 'Data migration to the cloud completed successfully. No data integrity issues encountered.', '2023-10-25'),
  (5, 13, 'Survey responses have been compiled. There are some insightful customer suggestions.', '2023-02-14'),
  (6, 16, 'Security audit completed. We need to update several protocols to enhance data protection.', '2023-05-02'),
  (7, 19, 'Training curriculum draft is ready for review. Focused on practical applications of the new software.', '2023-08-18'),
  (8, 22, 'Supply chain analysis indicates potential savings with a few adjustments in the vendor selection.', '2023-11-05'),
  (9, 25, 'The prototype for the new product line is ready. Awaiting approval to begin user testing.', '2024-02-22'),
  (10, 28, 'The new customer support platform is operational and staff training is complete. Early feedback is positive.', '2024-05-10');


INSERT INTO admin_action (id_admin, id_user, is_blocking, justification)
VALUES
  (31, 34, true, 'User 34 violated community guidelines.'),
  (32, 35, false, 'User 35 had a temporary suspension lifted.'),
  (33, 36, true, 'User 36 engaged in inappropriate behavior.');

INSERT INTO responsible (id_user, id_task)
VALUES
  (1, 1),
  (11, 2),
  (12, 3),
  (2, 4),
  (14, 5),
  (15, 6),
  (3, 7),
  (17, 8),
  (18, 9),
  (4, 10),
  (11, 11),
  (21, 12),
  (22, 13),
  (12, 14),
  (24, 15),
  (25, 16),
  (13, 17),
  (28, 18),
  (29, 19),
  (14, 20);

INSERT INTO invited (id_user, id_project)
VALUES
  (11, 1),
  (12, 1),
  (13, 1),
  (14, 2),
  (15, 2),
  (16, 2),
  (17, 3),
  (18, 3),
  (19, 3),
  (20, 4),
  (21, 4),
  (22, 4),
  (23, 5),
  (24, 5),
  (25, 5),
  (26, 6),
  (27, 7),
  (28, 8),
  (29, 9),
  (30, 10);

INSERT INTO request_join (id_user, id_project)
VALUES
  (37, 1),
  (38, 2),
  (39, 3),
  (37, 4),
  (38, 5);

INSERT INTO notifications (id_user, message, date, seen)
VALUES
  (1, 'A message', '2023-01-15 08:00:00', false),
  (2, 'A message', '2023-02-20 10:30:00', false),
  (3, 'A message', '2023-03-10 15:45:00', false),
  (4, 'A message', '2023-04-05 12:20:00', false),
  (5, 'A message', '2023-05-18 09:15:00', false),
  (6, 'A message', '2023-06-23 11:30:00', false),
  (7, 'A message', '2023-07-30 14:10:00', false),
  (8, 'A message', '2023-08-12 16:50:00', false),
  (9, 'A message', '2023-09-05 18:25:00', false),
  (10, 'A message', '2023-10-02 20:40:00', false),
  (11, 'A message', '2023-11-08 22:15:00', false),
  (12, 'A message', '2023-12-15 23:55:00', false),
  (13, 'A message', '2024-01-02 08:30:00', false),
  (14, 'A message', '2024-02-28 10:00:00', false),
  (15, 'A message', '2024-03-18 12:40:00', false),
  (16, 'A message', '2024-04-25 14:05:00', false),
  (17, 'A message', '2024-05-30 16:20:00', false),
  (18, 'A message', '2024-06-10 18:35:00', false),
  (19, 'A message', '2024-07-15 21:00:00', false),
  (20, 'A message', '2024-08-22 22:45:00', false),
  (21, 'A message', '2024-09-05 00:10:00', false),
  (22, 'A message', '2024-10-12 01:25:00', false),
  (23, 'A message', '2024-11-18 03:40:00', false),
  (24, 'A message', '2024-12-25 05:15:00', false),
  (25, 'A message', '2025-01-05 07:30:00', false),
  (26, 'A message', '2025-02-15 09:55:00', false),
  (27, 'A message', '2025-03-01 11:20:00', false),
  (28, 'A message', '2025-04-10 13:45:00', false),
  (29, 'A message', '2025-05-20 15:10:00', false),
  (30, 'A message', '2025-06-05 17:25:00', false),
  (31, 'A message', '2024-09-05 00:20:00', false),
  (32, 'A message', '2024-10-12 01:35:00', false),
  (33, 'A message', '2024-11-18 03:50:00', false),
  (34, 'A message', '2024-12-25 05:25:00', false),
  (35, 'A message', '2025-01-05 07:40:00', false),
  (36, 'A message', '2025-02-15 10:05:00', false),
  (37, 'A message', '2025-03-01 11:30:00', false),
  (38, 'A message', '2025-04-10 13:55:00', false),
  (39, 'A message', '2025-05-20 16:10:00', false),
  (40, 'A message', '2025-06-05 18:25:00', false);


INSERT INTO comment_notification (id, id_comment, notification_type)
VALUES
  (1, 1, 'new_comment'),
  (2, 2, 'new_comment'),
  (3, 3, 'new_comment'),
  (4, 4, 'new_comment'),
  (5, 5, 'new_comment'),
  (6, 6, 'new_comment'),
  (7, 7, 'new_comment'),
  (8, 8, 'new_comment'),
  (9, 9, 'new_comment'),
  (10, 10, 'new_comment');

INSERT INTO project_notification (id, id_project, notification_type)
VALUES
  (11, 1, 'member_joined'),
  (12, 1, 'member_left'),
  (13, 2, 'new_coordinator'),
  (14, 2, 'request_join'),
  (15, 3, 'member_joined'),
  (16, 3, 'member_left'),
  (17, 1, 'new_coordinator'),
  (18, 1, 'request_join'),
  (19, 4, 'member_joined'),
  (20, 4, 'member_left'),
  (21, 4, 'new_coordinator'),
  (22, 5, 'request_join'),
  (23, 5, 'member_joined'),
  (24, 5, 'member_left'),
  (25, 5, 'new_coordinator'),
  (26, 6, 'request_join'),
  (27, 7, 'member_joined'),
  (28, 8, 'member_left'),
  (29, 8, 'new_coordinator'),
  (30, 10, 'request_join');

INSERT INTO user_notification (id, id_user, notification_type)
VALUES
  (31, 1, 'join_accepted'),
  (32, 2, 'invitation_accepted'),
  (33, 3, 'join_accepted'),
  (34, 4, 'invitation_accepted'),
  (35, 5, 'join_accepted');

INSERT INTO task_notification (id, id_task, notification_type)
VALUES
  (36, 1, 'new_task'),
  (37, 2, 'task_completed'),
  (38, 3, 'deadline_proximity'),
  (39, 4, 'new_task'),
  (40, 5, 'task_completed');
